0,"67_090. Josh Groban - You Raise Me Up (Official Music Video) [HD Remaster].wav"
1,"5_002. Avicii - Wake Me Up (Official Video).wav"
2,"7_092. Harry Potter Medley on Marimba.wav"
3,"29_010. Katy Perry - Part Of Me (Official).wav"
4,"46_032. Katy Perry - Wide Awake (Official Video).wav"
5,"75_078. Kungs vs Cookin on 3 Burners - This Girl (Official Music Video).wav"
6,"97_075. Lindsey Stirling - Prism (Official Video).wav"
7,"84_001. Anna Kendrick - Cups.wav"
8,"27_022. Major Lazer & DJ Snake - Lean On (feat. MØ) [Official Music Video].wav"
9,"88_033. Fifth Harmony - Worth It (Official Video) ft. Kid Ink.wav"
10,"102_018. Shawn Mendes - Stitches (Official Music Video).wav"
11,"15_060. My OCD (Song).wav"
12,"85_011. Martin Garrix - Animals (Official Video).wav"
13,"6_043. Wintergatan - Marble Machine (music instrument using 2000 marbles).wav"
14,"2_023. Rachel Platten - Fight Song (Official Video).wav"
15,"17_084. Thomas Rhett - Crash and Burn.wav"
16,"28_074. American Authors - Best Day Of My Life.wav"
17,"4_003. Lorde - Royals (US Version).wav"
18,"40_052. Lindsey Stirling - Moon Trance (Official Music Video).wav"
19,"0_096. Nightcore - Mad World.wav"
20,"77_065. Nightcore - Ghostbusters.wav"
21,"71_083. My Singing Monsters - Plant Island Theme.wav"
22,"37_063. Bastille - Pompeii (Official Music Video).wav"
23,"95_053. Avicii - Hey Brother.wav"
24,"94_Banana Man.wav"
25,"14_099. Sheppard Geronimo - [International Version] (Official music Video).wav"
26,"92_025. Fall Out Boy - Immortals (From Big Hero 6).wav"
27,"42_046. Meghan Trainor - NO.wav"
28,"73_Turn the Lights Off.wav"
29,"9_034. Pitbull - Timber (Official Video) ft. Ke$ha.wav"
30,"18_044. tony igy-stop in my mind.wav"
31,"101_070. Eminence - Knock Me Out (feat. Anna Cyzon) [Monstercat Official Music Video].wav"
32,"31_058. Rub Some Bacon on It.wav"
33,"59_014. Avicii - Hey Brother (Lyric).wav"
34,"35_036. Fall Out Boy - Centuries (Official Video).wav"
35,"1_028. Capital Cities - Safe And Sound.wav"
36,"48_027. MAGIC! - Rude (Official Video).wav"
37,"82_A Lady.wav"
38,"55_009. Taylor Swift - Shake It Off.wav"
39,"13_030. Maroon 5 - Animals.wav"
40,"8_081. The Beach Boys - I Get Around.wav"
41,"3_100. Owl City & Carly Rae Jepsen - Good Time (Official Video).wav"
42,"60_057. Get Off The Phone Song.wav"
43,"80_077. Emeli Sandé - Hurts.wav"
44,"10_012. Calvin Harris - I Need Your Love (Official Video) ft. Ellie Goulding.wav"
45,"34_The Trap.wav"
46,"78_026. Katy Perry - Firework (Official Music Video).wav"
47,"66_Cruel_Summer.wav"
48,"38_082. Smoke and Mirrors.wav"
49,"93_015. Lukas Graham - 7 Years [Official Music Video].wav"
50,"98_021. Alan Walker - Faded.wav"
51,"89_091. Faster Car - Anders Lystell feat. Kaliber [EPIDEMIC SOUND] (Lyrics).wav"
52,"20_Never Meant to Know.wav"
53,"50_006. Wiz Khalifa - See You Again ft. Charlie Puth [Official Video] Furious 7 Soundtrack.wav"
54,"69_066. Jessie J - Bang Bang ft. Ariana Grande, Nicki Minaj.wav"
55,"83_004. Katy Perry - Roar.wav"
56,"54_016. Taylor Swift - Blank Space.wav"
57,"79_095. Alan Walker - Alone.wav"
58,"26_017. David Guetta - Titanium ft. Sia (Official Video).wav"
59,"33_076. Galantis - Firebird (Official Audio).wav"
60,"53_102. What.wav"
61,"81_013. Passenger  Let Her Go (Official Video).wav"
62,"39_051. Galantis - No Money (Official Video).wav"
63,"91_Greener.wav"
64,"76_073. Lindsey Stirling - Crystallize (Dubstep Violin Original Song).wav"
65,"104_024. twenty one pilots Stressed Out [OFFICIAL VIDEO].wav"
66,"99_080. Melanie Martinez - Carousel (Official Music Video).wav"
67,"45_005. OneRepublic - Counting Stars.wav"
68,"47_020. Warriors (ft. Imagine Dragons)  Worlds 2014 - League of Legends.wav"
69,"19_054. Owl City - When Can I See You Again (From Wreck it Ralph).wav"
70,"105_101. Yann Tiersen - Comptine d`un autre ete - l`apres-midi.wav"
71,"51_088. Steven Universe - We Are The Crystal Gems.wav"
72,"16_038. P!nk - Just Give Me A Reason ft. Nate Ruess.wav"
73,"70_You and Me.wav"
74,"87_079. twenty one pilots Heathens (from Suicide Squad The Album) [OFFICIAL VIDEO].wav"
75,"64_097. Nightcore - Running With the Wolves [Lyrics].wav"
76,"44_Sacred Beast.wav"
77,"63_087. Anaconda - Nicki Minaj  The Fitness Marshall  Dance Workout.wav"
78,"32_086. Olly Murs - Grow Up (Official Video).wav"
79,"62_061. LEFT SCREEN ONLY Spot the Differences.wav"
80,"22_094. Harry Potter Puppet Pals - The Mysterious Ticking Noise (Video With Lyrics).wav"
81,"68_055. Madness - Our House (Official 4K Video).wav"
82,"30_Cannibal.wav"
83,"49_050. Carly Rae Jepsen - I Really Like You.wav"
84,"61_045. The Black Eyed Peas - I Gotta Feeling (Official Music Video).wav"
85,"57_Numb.wav"
86,"86_019. Naughty Boy - La la la ft. Sam Smith (Official Video).wav"
87,"100_059. Nilla Wafer Top Hat Time  Song - Rhett & Link.wav"
88,"90_064. Eurythmics, Annie Lennox, Dave Stewart - Sweet Dreams (Are Made Of This) (Official Video).wav"
89,"23_048. Pharrell Williams - Happy (Official Music Video).wav"
90,"24_047. Girls Talk Boys (from the Ghostbusters Original Motion Picture Soundtrack).wav"
91,"74_029. David Guetta - Hey Mama (Official Video) ft Nicki Minaj, Bebe Rexha & Afrojack.wav"
92,"58_039. OMFG - Hello.wav"
93,"36_072. Jessie J - Price Tag ft. B.o.B.wav"
94,"43_098. Nightcore~ The Wolf.wav"
95,"41_The Bidding.wav"
96,"25_035. Alan Walker - Sing Me To Sleep.wav"
97,"96_089. American Boy by Estelle and Kanye West.wav"
98,"52_007. Katy Perry - Dark Horse ft. Juicy J.wav"
99,"103_037. Calvin Harris, Rihanna - This Is What You Came For (Official Video) ft. Rihanna.wav"
